task_id,tenant_id,category,cpu_req,ram_req,duration,priority,arrival_time,max_wait_tolerance,sla_deadline
task_0000,tenant_1,Critical,2.0,4.0,8,3,0,2,10
task_0001,tenant_2,Web,1.0,8.0,7,2,1,4,12
task_0002,tenant_3,Critical,4.0,4.0,15,3,1,2,18
task_0003,tenant_4,Batch,4.0,16.0,24,1,1,10,35
task_0004,tenant_5,Web,1.0,4.0,6,2,2,4,12
task_0005,tenant_6,Web,2.0,8.0,4,2,2,4,10
task_0006,tenant_7,Batch,12.0,32.0,23,1,2,10,35
task_0007,tenant_8,Web,1.0,2.0,3,2,2,4,9
task_0008,tenant_1,Batch,8.0,16.0,28,1,2,10,40
task_0009,tenant_2,Web,4.0,2.0,4,2,3,4,11
task_0010,tenant_3,Web,1.0,4.0,9,2,4,4,17
task_0011,tenant_4,Web,1.0,2.0,7,2,4,4,15
task_0012,tenant_5,Critical,4.0,8.0,10,3,4,2,16
task_0013,tenant_6,Batch,4.0,8.0,24,1,4,10,38
task_0014,tenant_7,Batch,4.0,32.0,17,1,4,10,31
task_0015,tenant_8,Batch,12.0,16.0,20,1,4,10,34
task_0016,tenant_1,Critical,4.0,16.0,10,3,4,2,16
task_0017,tenant_2,Web,2.0,2.0,5,2,5,4,14
task_0018,tenant_3,Web,4.0,4.0,5,2,5,4,14
task_0019,tenant_4,Web,1.0,2.0,4,2,5,4,13
task_0020,tenant_5,Critical,4.0,4.0,7,3,5,2,14
task_0021,tenant_6,Web,1.0,4.0,7,2,5,4,16
task_0022,tenant_7,Batch,12.0,16.0,27,1,6,10,43
task_0023,tenant_8,Batch,12.0,16.0,20,1,6,10,36
task_0024,tenant_1,Critical,4.0,16.0,6,3,6,2,14
task_0025,tenant_2,Batch,8.0,16.0,14,1,6,10,30
task_0026,tenant_3,Batch,12.0,32.0,14,1,7,10,31
task_0027,tenant_4,Batch,8.0,8.0,17,1,7,10,34
task_0028,tenant_5,Web,1.0,4.0,9,2,8,4,21
task_0029,tenant_6,Critical,4.0,16.0,11,3,8,2,21
task_0030,tenant_7,Web,2.0,2.0,4,2,8,4,16
task_0031,tenant_8,Critical,8.0,16.0,12,3,9,2,23
task_0032,tenant_1,Web,1.0,2.0,5,2,9,4,18
task_0033,tenant_2,Batch,8.0,16.0,13,1,9,10,32
task_0034,tenant_3,Critical,4.0,16.0,10,3,9,2,21
task_0035,tenant_4,Web,2.0,8.0,3,2,9,4,16
task_0036,tenant_5,Web,2.0,4.0,6,2,9,4,19
task_0037,tenant_6,Web,4.0,4.0,3,2,10,4,17
task_0038,tenant_7,Web,4.0,2.0,8,2,10,4,22
task_0039,tenant_8,Web,2.0,2.0,8,2,10,4,22
task_0040,tenant_1,Web,4.0,2.0,7,2,10,4,21
task_0041,tenant_2,Web,2.0,8.0,3,2,11,4,18
task_0042,tenant_3,Critical,2.0,8.0,12,3,11,2,25
task_0043,tenant_4,Batch,12.0,16.0,14,1,11,10,35
task_0044,tenant_5,Batch,4.0,32.0,15,1,11,10,36
task_0045,tenant_6,Web,1.0,2.0,6,2,11,4,21
task_0046,tenant_7,Web,1.0,4.0,9,2,11,4,24
task_0047,tenant_8,Web,1.0,8.0,7,2,11,4,22
task_0048,tenant_1,Batch,8.0,8.0,18,1,11,10,39
task_0049,tenant_2,Web,1.0,8.0,9,2,12,4,25
task_0050,tenant_3,Batch,8.0,16.0,23,1,12,10,45
task_0051,tenant_4,Web,1.0,2.0,7,2,12,4,23
task_0052,tenant_5,Web,4.0,2.0,3,2,12,4,19
task_0053,tenant_6,Batch,8.0,16.0,22,1,12,10,44
task_0054,tenant_7,Web,4.0,4.0,4,2,12,4,20
task_0055,tenant_8,Critical,4.0,4.0,15,3,12,2,29
task_0056,tenant_1,Batch,4.0,16.0,17,1,12,10,39
task_0057,tenant_2,Batch,8.0,8.0,29,1,12,10,51
task_0058,tenant_3,Critical,2.0,4.0,6,3,13,2,21
task_0059,tenant_4,Web,1.0,4.0,4,2,13,4,21
task_0060,tenant_5,Web,1.0,2.0,7,2,13,4,24
task_0061,tenant_6,Web,2.0,2.0,5,2,13,4,22
task_0062,tenant_7,Web,1.0,4.0,4,2,13,4,21
task_0063,tenant_8,Web,4.0,2.0,3,2,13,4,20
task_0064,tenant_1,Batch,8.0,8.0,19,1,13,10,42
task_0065,tenant_2,Batch,12.0,8.0,19,1,14,10,43
task_0066,tenant_3,Web,1.0,4.0,9,2,14,4,27
task_0067,tenant_4,Web,1.0,8.0,7,2,14,4,25
task_0068,tenant_5,Web,1.0,4.0,4,2,14,4,22
task_0069,tenant_6,Web,1.0,8.0,4,2,14,4,22
task_0070,tenant_7,Web,1.0,2.0,4,2,14,4,22
task_0071,tenant_8,Batch,4.0,16.0,13,1,14,10,37
task_0072,tenant_1,Batch,12.0,8.0,17,1,14,10,41
task_0073,tenant_2,Batch,4.0,16.0,27,1,14,10,51
task_0074,tenant_3,Critical,2.0,16.0,12,3,14,2,28
task_0075,tenant_4,Batch,12.0,8.0,20,1,15,10,45
task_0076,tenant_5,Critical,2.0,8.0,7,3,15,2,24
task_0077,tenant_6,Web,1.0,2.0,7,2,15,4,26
task_0078,tenant_7,Web,1.0,2.0,5,2,15,4,24
task_0079,tenant_8,Web,2.0,4.0,3,2,16,4,23
task_0080,tenant_1,Batch,4.0,32.0,14,1,16,10,40
task_0081,tenant_2,Web,1.0,4.0,7,2,16,4,27
task_0082,tenant_3,Web,2.0,8.0,4,2,16,4,24
task_0083,tenant_4,Web,4.0,4.0,3,2,16,4,23
task_0084,tenant_5,Web,4.0,8.0,5,2,16,4,25
task_0085,tenant_6,Batch,4.0,8.0,21,1,16,10,47
task_0086,tenant_7,Batch,4.0,16.0,29,1,17,10,56
task_0087,tenant_8,Web,2.0,2.0,8,2,17,4,29
task_0088,tenant_1,Critical,2.0,8.0,8,3,17,2,27
task_0089,tenant_2,Web,2.0,4.0,6,2,18,4,28
task_0090,tenant_3,Batch,8.0,32.0,14,1,18,10,42
task_0091,tenant_4,Batch,4.0,16.0,19,1,18,10,47
task_0092,tenant_5,Batch,8.0,8.0,25,1,19,10,54
task_0093,tenant_6,Web,2.0,2.0,9,2,19,4,32
task_0094,tenant_7,Critical,2.0,4.0,17,3,19,2,38
task_0095,tenant_8,Critical,2.0,8.0,16,3,20,2,38
task_0096,tenant_1,Batch,12.0,8.0,19,1,21,10,50
task_0097,tenant_2,Batch,8.0,16.0,21,1,21,10,52
task_0098,tenant_3,Batch,4.0,32.0,24,1,21,10,55
task_0099,tenant_4,Batch,4.0,8.0,27,1,21,10,58
task_0100,tenant_5,Batch,4.0,32.0,29,1,21,10,60
task_0101,tenant_6,Batch,12.0,8.0,18,1,22,10,50
task_0102,tenant_7,Web,2.0,4.0,5,2,22,4,31
task_0103,tenant_8,Batch,12.0,16.0,19,1,22,10,51
task_0104,tenant_1,Web,1.0,2.0,8,2,22,4,34
task_0105,tenant_2,Web,2.0,2.0,3,2,22,4,29
task_0106,tenant_3,Critical,2.0,4.0,11,3,22,2,35
task_0107,tenant_4,Critical,2.0,4.0,15,3,22,2,39
task_0108,tenant_5,Web,2.0,4.0,6,2,23,4,33
task_0109,tenant_6,Web,1.0,8.0,4,2,23,4,31
task_0110,tenant_7,Batch,8.0,8.0,16,1,23,10,49
task_0111,tenant_8,Web,2.0,8.0,4,2,24,4,32
task_0112,tenant_1,Critical,8.0,16.0,10,3,24,2,36
task_0113,tenant_2,Web,1.0,2.0,9,2,24,4,37
task_0114,tenant_3,Batch,4.0,32.0,25,1,24,10,59
task_0115,tenant_4,Batch,4.0,8.0,23,1,25,10,58
task_0116,tenant_5,Web,4.0,4.0,6,2,25,4,35
task_0117,tenant_6,Web,1.0,4.0,8,2,25,4,37
task_0118,tenant_7,Batch,8.0,8.0,22,1,25,10,57
task_0119,tenant_8,Web,4.0,2.0,9,2,25,4,38
task_0120,tenant_1,Web,2.0,2.0,7,2,25,4,36
task_0121,tenant_2,Web,1.0,4.0,5,2,25,4,34
task_0122,tenant_3,Critical,8.0,4.0,12,3,26,2,40
task_0123,tenant_4,Web,1.0,2.0,6,2,26,4,36
task_0124,tenant_5,Critical,8.0,8.0,9,3,26,2,37
task_0125,tenant_6,Web,2.0,4.0,6,2,26,4,36
task_0126,tenant_7,Web,1.0,2.0,4,2,27,4,35
task_0127,tenant_8,Web,4.0,2.0,9,2,27,4,40
task_0128,tenant_1,Batch,4.0,8.0,27,1,27,10,64
task_0129,tenant_2,Web,4.0,2.0,3,2,27,4,34
task_0130,tenant_3,Batch,8.0,16.0,21,1,27,10,58
task_0131,tenant_4,Web,4.0,8.0,6,2,27,4,37
task_0132,tenant_5,Batch,8.0,8.0,26,1,28,10,64
task_0133,tenant_6,Web,1.0,2.0,9,2,28,4,41
task_0134,tenant_7,Batch,8.0,16.0,23,1,28,10,61
task_0135,tenant_8,Web,4.0,4.0,8,2,28,4,40
task_0136,tenant_1,Batch,4.0,32.0,17,1,28,10,55
task_0137,tenant_2,Web,1.0,2.0,4,2,28,4,36
task_0138,tenant_3,Web,2.0,2.0,4,2,28,4,36
task_0139,tenant_4,Web,2.0,4.0,9,2,29,4,42
task_0140,tenant_5,Batch,8.0,16.0,23,1,29,10,62
task_0141,tenant_6,Web,1.0,4.0,9,2,29,4,42
task_0142,tenant_7,Critical,2.0,8.0,9,3,29,2,40
task_0143,tenant_8,Batch,12.0,16.0,28,1,29,10,67
task_0144,tenant_1,Batch,4.0,32.0,24,1,29,10,63
task_0145,tenant_2,Batch,8.0,16.0,18,1,30,10,58
task_0146,tenant_3,Batch,8.0,32.0,17,1,31,10,58
task_0147,tenant_4,Batch,4.0,16.0,19,1,31,10,60
task_0148,tenant_5,Web,1.0,2.0,5,2,31,4,40
task_0149,tenant_6,Batch,8.0,8.0,24,1,32,10,66
task_0150,tenant_7,Web,1.0,4.0,9,2,32,4,45
task_0151,tenant_8,Web,2.0,2.0,9,2,32,4,45
task_0152,tenant_1,Web,1.0,2.0,4,2,32,4,40
task_0153,tenant_2,Critical,2.0,8.0,14,3,32,2,48
task_0154,tenant_3,Batch,12.0,16.0,25,1,32,10,67
task_0155,tenant_4,Batch,4.0,32.0,16,1,32,10,58
task_0156,tenant_5,Web,2.0,2.0,6,2,33,4,43
task_0157,tenant_6,Critical,4.0,8.0,10,3,33,2,45
task_0158,tenant_7,Critical,8.0,4.0,16,3,34,2,52
task_0159,tenant_8,Web,2.0,2.0,6,2,34,4,44
task_0160,tenant_1,Web,4.0,8.0,5,2,34,4,43
task_0161,tenant_2,Critical,4.0,8.0,16,3,35,2,53
task_0162,tenant_3,Batch,8.0,16.0,24,1,35,10,69
task_0163,tenant_4,Batch,4.0,8.0,16,1,35,10,61
task_0164,tenant_5,Batch,8.0,8.0,23,1,35,10,68
task_0165,tenant_6,Critical,2.0,4.0,15,3,35,2,52
task_0166,tenant_7,Web,2.0,8.0,4,2,35,4,43
task_0167,tenant_8,Batch,4.0,8.0,14,1,36,10,60
task_0168,tenant_1,Critical,2.0,4.0,6,3,36,2,44
task_0169,tenant_2,Batch,12.0,32.0,19,1,36,10,65
task_0170,tenant_3,Web,1.0,4.0,4,2,36,4,44
task_0171,tenant_4,Critical,4.0,4.0,9,3,36,2,47
task_0172,tenant_5,Critical,2.0,8.0,12,3,37,2,51
task_0173,tenant_6,Batch,8.0,16.0,21,1,37,10,68
task_0174,tenant_7,Critical,8.0,8.0,7,3,37,2,46
task_0175,tenant_8,Batch,12.0,8.0,13,1,37,10,60
task_0176,tenant_1,Web,1.0,2.0,5,2,37,4,46
task_0177,tenant_2,Web,2.0,8.0,7,2,38,4,49
task_0178,tenant_3,Critical,4.0,4.0,8,3,38,2,48
task_0179,tenant_4,Critical,4.0,16.0,14,3,39,2,55
task_0180,tenant_5,Web,4.0,2.0,5,2,39,4,48
task_0181,tenant_6,Batch,4.0,8.0,14,1,39,10,63
task_0182,tenant_7,Web,1.0,4.0,3,2,39,4,46
task_0183,tenant_8,Batch,12.0,8.0,12,1,39,10,61
task_0184,tenant_1,Web,4.0,8.0,6,2,40,4,50
task_0185,tenant_2,Critical,2.0,4.0,12,3,40,2,54
task_0186,tenant_3,Batch,4.0,16.0,15,1,40,10,65
task_0187,tenant_4,Batch,8.0,8.0,21,1,40,10,71
task_0188,tenant_5,Web,1.0,4.0,9,2,40,4,53
task_0189,tenant_6,Web,1.0,2.0,3,2,40,4,47
task_0190,tenant_7,Critical,2.0,16.0,16,3,41,2,59
task_0191,tenant_8,Batch,8.0,8.0,14,1,41,10,65
task_0192,tenant_1,Critical,8.0,16.0,11,3,41,2,54
task_0193,tenant_2,Web,2.0,2.0,4,2,41,4,49
task_0194,tenant_3,Batch,8.0,16.0,18,1,41,10,69
task_0195,tenant_4,Batch,4.0,8.0,26,1,42,10,78
task_0196,tenant_5,Batch,8.0,8.0,17,1,42,10,69
task_0197,tenant_6,Batch,12.0,16.0,19,1,42,10,71
task_0198,tenant_7,Web,1.0,4.0,4,2,42,4,50
task_0199,tenant_8,Batch,8.0,8.0,17,1,42,10,69
task_0200,tenant_1,Web,1.0,8.0,8,2,42,4,54
task_0201,tenant_2,Web,4.0,4.0,7,2,43,4,54
task_0202,tenant_3,Web,4.0,2.0,5,2,43,4,52
task_0203,tenant_4,Batch,4.0,16.0,15,1,43,10,68
task_0204,tenant_5,Web,1.0,2.0,3,2,43,4,50
task_0205,tenant_6,Web,1.0,8.0,5,2,43,4,52
task_0206,tenant_7,Web,1.0,2.0,6,2,44,4,54
task_0207,tenant_8,Web,2.0,2.0,5,2,44,4,53
task_0208,tenant_1,Critical,8.0,4.0,15,3,44,2,61
task_0209,tenant_2,Web,2.0,2.0,3,2,44,4,51
task_0210,tenant_3,Critical,4.0,16.0,14,3,44,2,60
task_0211,tenant_4,Critical,2.0,8.0,12,3,45,2,59
task_0212,tenant_5,Web,4.0,4.0,9,2,45,4,58
task_0213,tenant_6,Web,4.0,4.0,8,2,45,4,57
task_0214,tenant_7,Web,4.0,2.0,8,2,45,4,57
task_0215,tenant_8,Batch,4.0,8.0,19,1,46,10,75
task_0216,tenant_1,Web,1.0,8.0,3,2,46,4,53
task_0217,tenant_2,Web,1.0,4.0,7,2,47,4,58
task_0218,tenant_3,Batch,12.0,32.0,25,1,47,10,82
task_0219,tenant_4,Web,1.0,4.0,5,2,47,4,56
task_0220,tenant_5,Web,2.0,4.0,5,2,48,4,57
task_0221,tenant_6,Web,1.0,2.0,5,2,48,4,57
task_0222,tenant_7,Web,2.0,2.0,9,2,48,4,61
task_0223,tenant_8,Batch,8.0,8.0,15,1,48,10,73
task_0224,tenant_1,Critical,8.0,8.0,7,3,48,2,57
task_0225,tenant_2,Web,4.0,2.0,7,2,48,4,59
task_0226,tenant_3,Critical,4.0,4.0,13,3,48,2,63
task_0227,tenant_4,Batch,8.0,8.0,12,1,49,10,71
task_0228,tenant_5,Batch,12.0,16.0,15,1,49,10,74
task_0229,tenant_6,Web,2.0,2.0,6,2,49,4,59
task_0230,tenant_7,Critical,2.0,8.0,6,3,49,2,57
task_0231,tenant_8,Web,2.0,4.0,4,2,50,4,58
task_0232,tenant_1,Batch,12.0,32.0,26,1,50,10,86
task_0233,tenant_2,Web,2.0,8.0,8,2,50,4,62
task_0234,tenant_3,Web,1.0,8.0,6,2,50,4,60
task_0235,tenant_4,Batch,12.0,16.0,20,1,50,10,80
task_0236,tenant_5,Web,1.0,4.0,3,2,50,4,57
task_0237,tenant_6,Batch,12.0,8.0,14,1,50,10,74
task_0238,tenant_7,Web,4.0,2.0,9,2,50,4,63
task_0239,tenant_8,Web,2.0,2.0,6,2,50,4,60
task_0240,tenant_1,Batch,4.0,16.0,14,1,51,10,75
task_0241,tenant_2,Web,2.0,2.0,3,2,51,4,58
task_0242,tenant_3,Web,1.0,2.0,4,2,51,4,59
task_0243,tenant_4,Critical,4.0,16.0,7,3,51,2,60
task_0244,tenant_5,Critical,2.0,8.0,17,3,51,2,70
task_0245,tenant_6,Batch,8.0,16.0,27,1,52,10,89
task_0246,tenant_7,Web,2.0,8.0,6,2,52,4,62
task_0247,tenant_8,Web,2.0,2.0,9,2,52,4,65
task_0248,tenant_1,Critical,2.0,16.0,15,3,52,2,69
task_0249,tenant_2,Web,1.0,8.0,8,2,52,4,64
task_0250,tenant_3,Web,2.0,8.0,9,2,53,4,66
task_0251,tenant_4,Web,1.0,2.0,6,2,54,4,64
task_0252,tenant_5,Critical,2.0,4.0,12,3,54,2,68
task_0253,tenant_6,Critical,2.0,16.0,9,3,54,2,65
task_0254,tenant_7,Batch,12.0,32.0,23,1,54,10,87
task_0255,tenant_8,Critical,2.0,8.0,16,3,54,2,72
task_0256,tenant_1,Batch,8.0,32.0,15,1,54,10,79
task_0257,tenant_2,Batch,8.0,16.0,29,1,55,10,94
task_0258,tenant_3,Web,1.0,2.0,3,2,55,4,62
task_0259,tenant_4,Web,2.0,4.0,3,2,56,4,63
task_0260,tenant_5,Critical,4.0,4.0,9,3,56,2,67
task_0261,tenant_6,Web,4.0,2.0,4,2,56,4,64
task_0262,tenant_7,Batch,12.0,32.0,12,1,56,10,78
task_0263,tenant_8,Web,1.0,2.0,4,2,56,4,64
task_0264,tenant_1,Web,2.0,8.0,4,2,56,4,64
task_0265,tenant_2,Batch,4.0,32.0,21,1,56,10,87
task_0266,tenant_3,Batch,12.0,32.0,14,1,56,10,80
task_0267,tenant_4,Web,1.0,4.0,5,2,57,4,66
task_0268,tenant_5,Critical,2.0,8.0,7,3,57,2,66
task_0269,tenant_6,Web,1.0,4.0,6,2,57,4,67
task_0270,tenant_7,Batch,8.0,8.0,25,1,57,10,92
task_0271,tenant_8,Web,4.0,2.0,8,2,57,4,69
task_0272,tenant_1,Web,1.0,4.0,3,2,58,4,65
task_0273,tenant_2,Web,4.0,4.0,6,2,58,4,68
task_0274,tenant_3,Web,1.0,2.0,8,2,59,4,71
task_0275,tenant_4,Web,2.0,2.0,7,2,59,4,70
task_0276,tenant_5,Critical,4.0,16.0,9,3,60,2,71
task_0277,tenant_6,Web,2.0,4.0,6,2,60,4,70
task_0278,tenant_7,Batch,8.0,16.0,15,1,61,10,86
task_0279,tenant_8,Batch,4.0,16.0,27,1,61,10,98
task_0280,tenant_1,Batch,12.0,8.0,22,1,61,10,93
task_0281,tenant_2,Critical,4.0,8.0,11,3,62,2,75
task_0282,tenant_3,Web,1.0,4.0,5,2,62,4,71
task_0283,tenant_4,Web,2.0,4.0,3,2,63,4,70
task_0284,tenant_5,Critical,2.0,4.0,7,3,63,2,72
task_0285,tenant_6,Web,1.0,2.0,9,2,64,4,77
task_0286,tenant_7,Batch,12.0,16.0,15,1,64,10,89
task_0287,tenant_8,Web,1.0,4.0,7,2,65,4,76
task_0288,tenant_1,Web,1.0,2.0,5,2,65,4,74
task_0289,tenant_2,Batch,8.0,8.0,14,1,65,10,89
task_0290,tenant_3,Web,2.0,4.0,3,2,66,4,73
task_0291,tenant_4,Web,2.0,2.0,8,2,66,4,78
task_0292,tenant_5,Web,1.0,4.0,5,2,67,4,76
task_0293,tenant_6,Web,2.0,2.0,5,2,67,4,76
task_0294,tenant_7,Web,1.0,4.0,7,2,67,4,78
task_0295,tenant_8,Web,1.0,4.0,5,2,68,4,77
task_0296,tenant_1,Critical,4.0,8.0,6,3,68,2,76
task_0297,tenant_2,Critical,4.0,16.0,16,3,68,2,86
task_0298,tenant_3,Critical,4.0,8.0,15,3,68,2,85
task_0299,tenant_4,Web,1.0,4.0,3,2,71,4,78
task_0300,tenant_5,Web,2.0,4.0,7,2,71,4,82
task_0301,tenant_6,Web,1.0,4.0,8,2,72,4,84
task_0302,tenant_7,Critical,8.0,16.0,7,3,72,2,81
task_0303,tenant_8,Web,1.0,2.0,9,2,72,4,85
task_0304,tenant_1,Batch,12.0,8.0,29,1,73,10,112
task_0305,tenant_2,Web,1.0,2.0,6,2,73,4,83
task_0306,tenant_3,Web,4.0,4.0,3,2,73,4,80
task_0307,tenant_4,Batch,4.0,8.0,27,1,74,10,111
task_0308,tenant_5,Critical,2.0,16.0,15,3,74,2,91
task_0309,tenant_6,Batch,12.0,8.0,14,1,74,10,98
task_0310,tenant_7,Web,4.0,2.0,3,2,74,4,81
task_0311,tenant_8,Web,1.0,4.0,6,2,75,4,85
task_0312,tenant_1,Batch,4.0,32.0,27,1,75,10,112
task_0313,tenant_2,Web,2.0,8.0,4,2,75,4,83
task_0314,tenant_3,Web,1.0,4.0,8,2,75,4,87
task_0315,tenant_4,Web,1.0,4.0,8,2,76,4,88
task_0316,tenant_5,Web,1.0,2.0,6,2,77,4,87
task_0317,tenant_6,Web,4.0,4.0,5,2,78,4,87
task_0318,tenant_7,Batch,12.0,16.0,23,1,78,10,111
task_0319,tenant_8,Critical,2.0,8.0,10,3,78,2,90
task_0320,tenant_1,Batch,4.0,16.0,14,1,78,10,102
task_0321,tenant_2,Web,1.0,2.0,4,2,78,4,86
task_0322,tenant_3,Batch,12.0,32.0,23,1,79,10,112
task_0323,tenant_4,Web,1.0,2.0,4,2,79,4,87
task_0324,tenant_5,Critical,4.0,4.0,10,3,79,2,91
task_0325,tenant_6,Web,1.0,2.0,8,2,79,4,91
task_0326,tenant_7,Batch,8.0,8.0,19,1,79,10,108
task_0327,tenant_8,Critical,8.0,4.0,17,3,80,2,99
task_0328,tenant_1,Web,4.0,2.0,3,2,82,4,89
task_0329,tenant_2,Batch,4.0,16.0,23,1,84,10,117
task_0330,tenant_3,Critical,4.0,8.0,6,3,85,2,93
task_0331,tenant_4,Batch,8.0,32.0,27,1,85,10,122
task_0332,tenant_5,Batch,4.0,8.0,29,1,85,10,124
task_0333,tenant_6,Batch,8.0,16.0,16,1,86,10,112
task_0334,tenant_7,Web,2.0,8.0,8,2,86,4,98
task_0335,tenant_8,Batch,8.0,16.0,16,1,86,10,112
task_0336,tenant_1,Web,2.0,8.0,3,2,87,4,94
task_0337,tenant_2,Critical,8.0,4.0,14,3,88,2,104
task_0338,tenant_3,Batch,8.0,32.0,15,1,88,10,113
task_0339,tenant_4,Web,4.0,2.0,3,2,88,4,95
task_0340,tenant_5,Batch,4.0,32.0,20,1,89,10,119
task_0341,tenant_6,Web,2.0,2.0,9,2,90,4,103
task_0342,tenant_7,Batch,8.0,32.0,29,1,91,10,130
task_0343,tenant_8,Web,2.0,4.0,3,2,91,4,98
task_0344,tenant_1,Web,1.0,2.0,8,2,92,4,104
task_0345,tenant_2,Web,1.0,8.0,9,2,92,4,105
task_0346,tenant_3,Web,2.0,2.0,6,2,92,4,102
task_0347,tenant_4,Batch,12.0,8.0,27,1,94,10,131
task_0348,tenant_5,Batch,8.0,8.0,26,1,95,10,131
task_0349,tenant_6,Web,4.0,4.0,4,2,96,4,104
task_0350,tenant_7,Batch,8.0,16.0,13,1,96,10,119
task_0351,tenant_8,Web,2.0,2.0,6,2,98,4,108
task_0352,tenant_1,Critical,8.0,4.0,17,3,98,2,117
task_0353,tenant_2,Web,4.0,8.0,7,2,99,4,110
task_0354,tenant_3,Critical,2.0,4.0,9,3,100,2,111
task_0355,tenant_4,Web,1.0,2.0,4,2,101,4,109
task_0356,tenant_5,Critical,2.0,4.0,12,3,102,2,116
task_0357,tenant_6,Batch,8.0,16.0,26,1,102,10,138
task_0358,tenant_7,Critical,4.0,8.0,17,3,103,2,122
task_0359,tenant_8,Web,1.0,4.0,7,2,103,4,114
task_0360,tenant_1,Web,2.0,2.0,5,2,103,4,112
task_0361,tenant_2,Web,2.0,2.0,4,2,104,4,112
task_0362,tenant_3,Batch,12.0,8.0,27,1,104,10,141
task_0363,tenant_4,Web,1.0,4.0,8,2,106,4,118
task_0364,tenant_5,Critical,2.0,8.0,8,3,107,2,117
task_0365,tenant_6,Batch,8.0,16.0,17,1,107,10,134
task_0366,tenant_7,Batch,4.0,16.0,23,1,107,10,140
task_0367,tenant_8,Batch,4.0,16.0,24,1,108,10,142
task_0368,tenant_1,Web,1.0,2.0,5,2,108,4,117
task_0369,tenant_2,Batch,4.0,32.0,19,1,109,10,138
task_0370,tenant_3,Batch,8.0,16.0,21,1,109,10,140
task_0371,tenant_4,Batch,12.0,16.0,20,1,109,10,139
task_0372,tenant_5,Batch,8.0,16.0,14,1,109,10,133
task_0373,tenant_6,Batch,8.0,32.0,13,1,109,10,132
task_0374,tenant_7,Web,1.0,8.0,6,2,110,4,120
task_0375,tenant_8,Web,1.0,2.0,6,2,110,4,120
task_0376,tenant_1,Web,1.0,4.0,6,2,111,4,121
task_0377,tenant_2,Web,2.0,2.0,8,2,111,4,123
task_0378,tenant_3,Critical,2.0,8.0,8,3,111,2,121
task_0379,tenant_4,Batch,8.0,16.0,17,1,111,10,138
task_0380,tenant_5,Web,4.0,4.0,4,2,111,4,119
task_0381,tenant_6,Critical,8.0,4.0,15,3,111,2,128
task_0382,tenant_7,Web,1.0,2.0,7,2,111,4,122
task_0383,tenant_8,Critical,8.0,8.0,12,3,112,2,126
task_0384,tenant_1,Batch,12.0,32.0,17,1,112,10,139
task_0385,tenant_2,Batch,12.0,8.0,15,1,113,10,138
task_0386,tenant_3,Web,4.0,8.0,9,2,113,4,126
task_0387,tenant_4,Batch,4.0,8.0,28,1,113,10,151
task_0388,tenant_5,Batch,8.0,16.0,22,1,114,10,146
task_0389,tenant_6,Web,2.0,2.0,7,2,114,4,125
task_0390,tenant_7,Web,1.0,2.0,6,2,114,4,124
task_0391,tenant_8,Web,1.0,4.0,8,2,115,4,127
task_0392,tenant_1,Batch,4.0,8.0,14,1,116,10,140
task_0393,tenant_2,Batch,4.0,8.0,15,1,117,10,142
task_0394,tenant_3,Web,2.0,2.0,3,2,117,4,124
task_0395,tenant_4,Web,2.0,4.0,8,2,117,4,129
task_0396,tenant_5,Web,1.0,8.0,7,2,118,4,129
task_0397,tenant_6,Web,1.0,8.0,9,2,119,4,132
task_0398,tenant_7,Batch,4.0,8.0,26,1,119,10,155
task_0399,tenant_8,Batch,8.0,32.0,23,1,119,10,152
