workload_tasks,algorithm,seed,sla_violation_rate,hard_rule_violations,total_cost_usd,total_energy_kwh,avg_decision_time_ms,avg_cpu_util
100,Round Robin,42,5.0,2,20.380000000000003,4.359575,0.007267001492436975,12.610677083333332
100,First Fit,42,5.0,34,7.435833333333334,2.506271875,0.00588900045841001,12.610677083333332
100,Best Fit,42,5.0,40,6.152500000000001,2.428015625,0.008841000235406682,12.610677083333332
100,Pure Symbolic,42,5.0,0,9.123333333333335,2.748817708333333,0.06488400045782328,12.610677083333332
100,Pure Neural,42,5.0,0,20.236666666666668,4.233954166666667,0.740903999976581,12.610677083333332
100,Neuro-Symbolic,42,5.0,0,7.886666666666667,2.6634572916666666,0.8161139998992439,12.610677083333332
100,Round Robin,43,5.0,5,20.5575,4.523886458333333,0.006954999698791653,14.212239583333334
100,First Fit,43,5.0,39,7.341666666666667,2.6089583333333333,0.006368999311234802,14.212239583333334
100,Best Fit,43,5.0,44,7.272500000000001,2.732132291666667,0.009292999602621421,14.212239583333334
100,Pure Symbolic,43,5.0,0,7.438333333333334,2.589901041666667,0.08324599984916858,14.212239583333334
100,Pure Neural,43,5.0,0,19.774166666666666,4.29039375,0.7871019991580397,14.212239583333334
100,Neuro-Symbolic,43,5.0,0,7.859166666666667,2.75681875,0.9651590004796162,14.212239583333334
100,Round Robin,44,2.0,0,20.66,4.533788541666667,0.006527999794343486,13.546006944444445
100,First Fit,44,2.0,37,7.489166666666667,2.5746072916666667,0.006333999481284991,13.546006944444445
100,Best Fit,44,2.0,51,6.299166666666666,2.5658333333333334,0.008714001451153308,13.546006944444445
100,Pure Symbolic,44,2.0,0,8.260833333333334,2.6391958333333334,0.05746000009821728,13.546006944444445
100,Pure Neural,44,2.0,0,20.401666666666667,4.347813541666667,0.8871570011251606,13.546006944444445
100,Neuro-Symbolic,44,2.0,0,9.436666666666667,2.8197479166666666,0.8475990004080813,13.546006944444445
100,Round Robin,45,8.0,3,20.8825,4.50310625,0.006429000495700166,13.736979166666666
100,First Fit,45,8.0,41,7.420000000000001,2.5717875,0.00599200080614537,13.736979166666666
100,Best Fit,45,8.0,43,7.0875,2.6765552083333333,0.008763000078033656,13.736979166666666
100,Pure Symbolic,45,8.0,0,10.700000000000001,2.932072916666667,0.05734300037147477,13.736979166666666
100,Pure Neural,45,8.0,0,20.8075,4.420363541666666,0.8048010006314144,13.736979166666666
100,Neuro-Symbolic,45,8.0,0,9.1125,2.7963229166666665,0.9084119995532092,13.736979166666666
100,Round Robin,46,5.0,3,20.4925,4.247128125,0.00652400020044297,11.304253472222223
100,First Fit,46,5.0,39,5.850833333333333,2.160188541666667,0.005699999601347372,11.304253472222223
100,Best Fit,46,5.0,49,5.913333333333334,2.324936458333333,0.010940999782178551,11.304253472222223
100,Pure Symbolic,46,5.0,0,6.505000000000001,2.2687989583333334,0.06275499996263534,11.304253472222223
100,Pure Neural,46,5.0,0,20.129166666666666,4.1695375,0.7708649996493477,11.304253472222223
100,Neuro-Symbolic,46,5.0,0,6.505000000000001,2.301559375,0.7654429995454848,11.304253472222223
500,Round Robin,42,5.4,200,21.330833333333334,8.128159375,0.007783394389376869,57.15277777777777
500,First Fit,42,4.8,318,20.08416666666667,7.697234375,0.0051325488682635425,57.15277777777777
500,Best Fit,42,4.8,371,19.985833333333332,7.623742708333333,0.009103428095667845,57.15277777777777
500,Pure Symbolic,42,10.8,0,20.324166666666667,7.736253125,0.0441724519633221,57.15277777777777
500,Pure Neural,42,5.0,118,21.310833333333335,7.962292708333333,0.8255884972008305,57.15277777777777
500,Neuro-Symbolic,42,12.2,0,20.324166666666667,7.790555208333333,0.9067329827348397,57.15277777777777
500,Round Robin,43,12.0,314,21.414166666666667,8.813657291666667,0.003441294028309171,67.26996527777777
500,First Fit,43,13.0,391,20.526666666666667,8.579246875,0.004351589371512485,67.26996527777777
500,Best Fit,43,17.4,411,20.373333333333335,8.541911458333333,0.004458909155800939,67.26996527777777
500,Pure Symbolic,43,33.2,0,20.848333333333333,8.572645833333333,0.040429759684647223,67.26996527777777
500,Pure Neural,43,12.8,313,21.385,8.767880208333333,0.8170636150252784,67.26996527777777
500,Neuro-Symbolic,43,31.8,0,20.848333333333333,8.588755208333334,0.9111140071596809,67.26996527777777
500,Round Robin,44,17.0,308,21.425,9.175514583333333,0.0038495610899950336,72.28081597222223
500,First Fit,44,15.0,382,20.416666666666668,8.974029166666666,0.003991142782199729,72.28081597222223
500,Best Fit,44,14.6,411,20.191666666666666,8.925284375,0.003832114151704187,72.28081597222223
500,Pure Symbolic,44,29.2,0,20.8175,8.975841666666666,0.03876508659042477,71.86414930555556
500,Pure Neural,44,19.2,278,21.423333333333336,9.128667708333333,0.7844240390445357,72.28081597222223
500,Neuro-Symbolic,44,30.4,0,20.8175,8.96226875,0.9004838292362493,71.49956597222223
500,Round Robin,45,5.0,195,21.47416666666667,8.2742375,0.007628401189798578,58.845486111111114
500,First Fit,45,4.6,372,19.92,7.87736875,0.006659151948109154,58.845486111111114
500,Best Fit,45,4.8,368,19.523333333333333,7.790178125,0.007703159785384596,58.845486111111114
500,Pure Symbolic,45,14.2,0,20.583333333333336,7.950030208333334,0.055890969388872114,58.845486111111114
500,Pure Neural,45,4.8,148,21.498333333333335,8.20633125,0.7643653640232411,58.845486111111114
500,Neuro-Symbolic,45,14.2,0,20.583333333333336,7.950030208333334,0.8559817729507015,58.845486111111114
500,Round Robin,46,8.0,217,21.4425,8.436580208333334,0.004917130101435322,60.92230902777778
500,First Fit,46,7.6,359,20.186666666666667,8.061802083333333,0.004382362580951604,60.92230902777778
500,Best Fit,46,8.0,383,20.233333333333334,8.122296875,0.005946656067864347,60.92230902777778
500,Pure Symbolic,46,12.0,0,20.769166666666667,8.1777375,0.04160832626317424,60.92230902777778
500,Pure Neural,46,7.6,179,21.448333333333334,8.352845833333333,0.7702730886569811,60.92230902777778
500,Neuro-Symbolic,46,13.200000000000001,0,20.769166666666667,8.151773958333333,0.868015650782448,60.92230902777778
1000,Round Robin,42,73.8,777,21.5575,10.973084375,0.002724489848664998,95.89192708333333
1000,First Fit,42,83.2,767,20.84916666666667,10.878323958333333,0.0024065937183636067,95.66623263888889
1000,Best Fit,42,81.5,791,20.755833333333335,10.856492708333333,0.0018852636343047065,95.92881944444444
1000,Pure Symbolic,42,54.6,0,20.986666666666668,9.397314583333333,0.03631858568153919,77.43055555555556
1000,Pure Neural,42,73.0,737,21.5475,10.949621875,0.9142116745872924,95.17795138888889
1000,Neuro-Symbolic,42,57.49999999999999,0,20.986666666666668,9.410621875,1.0142638993374253,77.57378472222223
1000,Round Robin,43,78.60000000000001,758,21.485,11.018110416666667,0.002698343773416934,96.34114583333333
1000,First Fit,43,81.89999999999999,765,21.0475,10.980289583333333,0.002042313799682846,96.90538194444444
1000,Best Fit,43,82.1,792,21.0,10.9866625,0.0018178879283580831,96.51258680555556
1000,Pure Symbolic,43,56.3,0,21.15,9.487353125,0.03535710752429269,78.28342013888889
1000,Pure Neural,43,82.19999999999999,753,21.481666666666666,11.015538541666666,0.9345284532471426,96.67534722222221
1000,Neuro-Symbolic,43,53.7,0,21.15,9.472691666666666,1.025733778250453,78.17057291666667
1000,Round Robin,44,90.60000000000001,766,21.5275,11.139125,0.002776687995596219,97.90364583333333
1000,First Fit,44,91.8,756,21.269166666666667,11.101230208333334,0.0018277031492962702,97.82986111111111
1000,Best Fit,44,91.10000000000001,766,21.2625,11.104504166666667,0.0018616524011853294,97.37196180555556
1000,Pure Symbolic,44,64.0,0,21.346666666666668,9.585563541666666,0.035348695538434685,78.68489583333333
1000,Pure Neural,44,90.4,766,21.509166666666665,11.124771875,0.9298092026568233,97.83637152777777
1000,Neuro-Symbolic,44,61.8,0,21.346666666666668,9.583141666666666,1.007383397999416,78.81944444444444
1000,Round Robin,45,81.6,734,21.504166666666666,11.06999375,0.002755725931696012,97.17447916666667
1000,First Fit,45,85.0,739,21.113333333333333,11.018633333333334,0.0019434535161334055,96.74479166666666
1000,Best Fit,45,85.7,788,21.045833333333334,11.008651041666667,0.0018127216134586654,96.95963541666667
1000,Pure Symbolic,45,53.5,0,21.221666666666668,9.518961458333333,0.03503478942782213,78.22265625
1000,Pure Neural,45,82.19999999999999,802,21.505,11.05683125,0.9157454831244901,97.09852430555556
1000,Neuro-Symbolic,45,55.50000000000001,0,21.221666666666668,9.521638541666666,1.0100621814475883,78.37022569444444
1000,Round Robin,46,82.6,761,21.546666666666667,11.048055208333333,0.002932961968578982,96.72092013888889
1000,First Fit,46,84.0,737,21.040833333333335,10.9858,0.002124086551164468,97.13324652777777
1000,Best Fit,46,83.7,805,20.9775,10.972361458333333,0.0018133805410636646,97.12022569444444
1000,Pure Symbolic,46,56.39999999999999,0,21.101666666666667,9.489545833333333,0.03499667248018386,78.22482638888889
1000,Pure Neural,46,83.1,732,21.5475,11.050038541666666,0.9181064618898434,96.953125
1000,Neuro-Symbolic,46,57.699999999999996,0,21.101666666666667,9.492202083333334,1.0082778397098522,78.45486111111111
2000,Round Robin,42,94.5,773,21.6,11.187583333333333,0.0022082104825998593,97.76258680555556
2000,First Fit,42,93.89999999999999,837,21.355,11.151839583333333,0.0015962680082584127,98.48958333333333
2000,Best Fit,42,95.25,776,21.324166666666667,11.151136458333333,0.001716538435413226,98.32899305555556
2000,Pure Symbolic,42,94.19999999999999,0,21.42666666666667,9.820636458333333,0.03596530257359347,81.71006944444444
2000,Pure Neural,42,93.95,793,21.6,11.175984375,0.9222775187808055,98.54383680555556
2000,Neuro-Symbolic,42,94.19999999999999,0,21.42666666666667,9.825063541666667,1.0258079259492758,81.74696180555556
2000,Round Robin,43,94.8,798,21.546666666666667,11.179565625,0.0022298825294679477,98.19010416666667
2000,First Fit,43,95.1,795,21.359166666666667,11.148686458333334,0.0015992471154839948,98.47222222222223
2000,Best Fit,43,95.3,786,21.325000000000003,11.148873958333333,0.001710243929400876,97.80598958333333
2000,Pure Symbolic,43,94.65,0,21.39666666666667,9.811702083333333,0.035787510215226755,81.88585069444444
2000,Pure Neural,43,92.95,815,21.548333333333332,11.165691666666667,0.9227720657603877,98.45052083333333
2000,Neuro-Symbolic,43,94.65,0,21.39666666666667,9.811525,1.0493133933179803,81.74696180555556
2000,Round Robin,44,93.8,782,21.576666666666668,11.159092708333333,0.002240244650968662,97.31553819444444
2000,First Fit,44,94.25,806,21.239166666666666,11.098828125,0.0016208642677090893,97.78211805555556
2000,Best Fit,44,94.45,837,21.26,11.113709375,0.0017123409828488255,97.62803819444444
2000,Pure Symbolic,44,93.7,0,21.3575,9.791472916666667,0.03578897468621209,81.32161458333333
2000,Pure Neural,44,92.85,773,21.586666666666666,11.141494791666666,0.9261949380491571,98.16840277777777
2000,Neuro-Symbolic,44,93.7,0,21.3575,9.792004166666667,1.01111254248542,81.51692708333333
2000,Round Robin,45,92.55,871,21.6,11.188994791666667,0.0022905568185902776,98.38541666666667
2000,First Fit,45,94.25,806,21.359166666666667,11.153040625,0.001618472719020856,98.26822916666667
2000,Best Fit,45,93.95,767,21.338333333333335,11.149222916666666,0.0017105223975905689,97.95138888888889
2000,Pure Symbolic,45,91.35,0,21.38416666666667,9.795332291666666,0.035676611327346563,81.60807291666666
2000,Pure Neural,45,93.5,827,21.6,11.179161458333333,0.9572413405602814,98.44401041666667
2000,Neuro-Symbolic,45,91.7,0,21.38416666666667,9.800816666666666,1.0201298577097653,81.58637152777779
2000,Round Robin,46,92.85,893,21.57,11.147821875,0.002241215869230774,97.86024305555556
2000,First Fit,46,94.0,837,21.275833333333335,11.1119125,0.0015965643104219193,97.55859375
2000,Best Fit,46,93.95,814,21.281666666666666,11.123788541666666,0.0016967104077250052,97.76909722222223
2000,Pure Symbolic,46,92.15,0,21.293333333333333,9.769780208333334,0.035493698391115394,81.48871527777779
2000,Pure Neural,46,92.5,943,21.573333333333334,11.130229166666666,0.9506842826678119,97.98828125
2000,Neuro-Symbolic,46,87.75,0,21.293333333333333,9.749946875,1.149523610707907,81.25
