variant,seed,sla_violation_rate,hard_rule_violations,avg_cpu_util,avg_ram_util,total_cost_usd,total_energy_kwh,avg_decision_time_ms,explainability_pct
Without Forecast (Pure Symbolic),42,42.66666666666667,0,74.27176339285714,44.31082589285714,16.1375,7.132045833333334,0.04087946081277287,100.0
Without Rules (Pure Neural),42,37.833333333333336,510,93.15011160714286,53.15987723214286,16.650833333333335,8.364832291666668,0.9423013997459362,100.0
Full Neuro-Symbolic,42,46.33333333333333,0,74.81863839285714,44.35546875,16.1375,7.174577083333333,1.0211733079525336,100.0
Without Forecast (Pure Symbolic),43,48.5,0,75.22042410714286,40.51060267857143,16.175833333333333,7.176470833333333,0.04301959966312857,100.0
Without Rules (Pure Neural),43,34.5,468,89.36104910714285,47.09542410714286,16.70416666666667,8.143339583333333,0.9205934302979003,100.0
Full Neuro-Symbolic,43,48.5,0,75.58314732142857,40.85658482142857,16.175833333333333,7.198163541666666,1.0332536667122818,100.0
Without Forecast (Pure Symbolic),44,48.66666666666667,0,73.99274553571429,43.807198660714285,16.29416666666667,7.157817708333333,0.040650918991741405,100.0
Without Rules (Pure Neural),44,45.0,482,93.41796875,52.42047991071429,16.735,8.371176041666667,0.9295883626023619,100.0
Full Neuro-Symbolic,44,49.666666666666664,0,74.17689732142857,43.653738839285715,16.29416666666667,7.182875,1.0259767047885198,100.0
Without Forecast (Pure Symbolic),45,39.5,0,74.30803571428571,42.117745535714285,16.089166666666667,7.1210625,0.040819666344556506,100.0
Without Rules (Pure Neural),45,33.166666666666664,444,88.75,50.005580357142854,16.741666666666667,8.121946875,0.912095895578951,100.0
Full Neuro-Symbolic,45,39.5,0,73.61607142857143,41.62806919642857,16.089166666666667,7.083307291666666,1.0112333158510016,100.0
Without Forecast (Pure Symbolic),46,44.666666666666664,0,74.45591517857143,41.775948660714285,16.145833333333336,7.162101041666666,0.04293425976138877,100.0
Without Rules (Pure Neural),46,23.333333333333332,466,88.95368303571428,48.35797991071429,16.713333333333335,8.1438,0.905809495054689,100.0
Full Neuro-Symbolic,46,42.833333333333336,0,74.29408482142857,41.826171875,16.145833333333336,7.155960416666667,1.0175503036704492,100.0
