algorithm,seed,num_tasks,avg_cpu_util,avg_ram_util,sla_violation_rate,sla_violated_count,hard_rule_violations,avg_waiting_time,total_energy_kwh,total_cost_usd,scale_events,avg_decision_time_ms,explainability_pct
Round Robin,42,400,80.2734375,42.83040364583333,18.5,74,285,2.8625,6.584959375,14.15,12,0.0032576419185342746,100.0
First Fit,42,400,80.2734375,42.83040364583333,24.75,99,317,3.025,6.3937125,13.525,12,0.0025844630546683124,100.0
Best Fit,42,400,80.2734375,42.83040364583333,17.75,71,336,2.7075,6.333352083333334,13.465,12,0.0035073870309479775,100.0
Pure Symbolic,42,400,72.27864583333333,39.451497395833336,42.0,168,0,7.575,5.973958333333333,13.709166666666667,12,0.035523465433443834,100.0
Pure Neural,42,400,80.234375,42.804361979166664,19.5,78,256,2.8575,6.5219708333333335,14.170833333333334,12,0.7925719160733057,100.0
Neuro-Symbolic,42,400,71.86197916666667,39.75423177083333,41.5,166,0,7.4425,5.955609375,13.709166666666667,12,0.93232210255935,100.0
Round Robin,43,400,68.76302083333333,36.58040364583333,11.75,47,220,1.7,5.992127083333333,14.31,12,0.004190293924800833,100.0
First Fit,43,400,68.76302083333333,36.58040364583333,11.25,45,302,1.6,5.76820625,13.215,12,0.003706718553075916,100.0
Best Fit,43,400,68.76302083333333,36.58040364583333,11.5,46,318,1.695,5.765640625,13.040000000000001,12,0.004986873182267566,100.0
Pure Symbolic,43,400,67.94270833333333,36.359049479166664,20.5,82,0,3.345,5.7642541666666665,13.5875,12,0.04425433487883701,100.0
Pure Neural,43,400,68.76302083333333,36.58040364583333,10.5,42,191,1.615,5.95874375,14.301666666666668,12,0.7910286377091466,100.0
Neuro-Symbolic,43,400,67.83854166666666,36.31998697916667,19.25,77,0,3.305,5.748030208333334,13.5875,12,0.8640440241372919,100.0
Round Robin,44,400,65.42643229166667,37.464192708333336,9.25,37,199,1.4025,5.847403125,14.244166666666667,12,0.004708556673753469,100.0
First Fit,44,400,65.42643229166667,37.464192708333336,10.25,41,284,1.3325,5.6421802083333334,13.125833333333333,12,0.0043243900820347314,100.0
Best Fit,44,400,65.42643229166667,37.464192708333336,9.75,39,307,1.3225,5.480085416666666,12.95,12,0.006327977222883422,100.0
Pure Symbolic,44,400,65.25716145833333,37.353515625,22.25,89,0,3.21,5.557290625,13.389166666666668,12,0.058547663477461966,100.0
Pure Neural,44,400,65.42643229166667,37.464192708333336,9.75,39,173,1.3125,5.774996875,14.261666666666667,12,0.7222354285962259,100.0
Neuro-Symbolic,44,400,65.38736979166667,37.438151041666664,22.0,88,0,2.9625,5.547222916666667,13.389166666666668,12,0.8675380593474231,100.0
Round Robin,45,400,71.26627604166667,38.50911458333333,9.0,36,223,1.36,6.118414583333333,14.274166666666666,12,0.004780514807541348,100.0
First Fit,45,400,71.26627604166667,38.50911458333333,9.25,37,290,1.2875,5.968640625,13.386666666666667,12,0.004245825417032375,100.0
Best Fit,45,400,71.26627604166667,38.50911458333333,9.25,37,318,1.2825,5.8809604166666665,13.235,12,0.006112086016604891,100.0
Pure Symbolic,45,400,70.68684895833334,38.128255208333336,24.75,99,0,3.2125,5.890778125,13.521666666666667,12,0.04674140076290686,100.0
Pure Neural,45,400,71.26627604166667,38.50911458333333,10.25,41,187,1.4175,6.094966666666667,14.293333333333333,12,0.7897982364029721,100.0
Neuro-Symbolic,45,400,70.01627604166667,38.06640625,20.5,82,0,3.02,5.83704375,13.521666666666667,12,0.8949339405943051,100.0
Round Robin,46,400,67.59765625,36.077473958333336,10.75,43,262,1.645,5.918767708333333,14.244166666666667,12,0.005902583615487798,100.0
First Fit,46,400,67.59765625,36.077473958333336,14.75,59,340,2.0175,5.779607291666666,13.559166666666666,12,0.003218587344833171,100.0
Best Fit,46,400,67.59765625,36.077473958333336,11.0,44,325,1.6225,5.653636458333334,13.42,12,0.0069734976257058365,100.0
Pure Symbolic,46,400,67.59765625,36.077473958333336,34.25,137,0,4.8025,5.74160625,13.790833333333333,12,0.041060177122089064,100.0
Pure Neural,46,400,67.59765625,36.077473958333336,10.5,42,229,1.7125,5.838598958333334,14.245833333333334,12,0.7578642338252606,100.0
Neuro-Symbolic,46,400,67.59765625,36.077473958333336,32.75,131,0,4.635,5.794325,13.790833333333333,12,0.8698522653568214,100.0
