workload_tasks,algorithm,sla_violation_rate_mean,sla_violation_rate_std,hard_rule_violations_mean,hard_rule_violations_std,total_cost_usd_mean,total_cost_usd_std,total_energy_kwh_mean,total_energy_kwh_std,avg_decision_time_ms_mean,avg_decision_time_ms_std
100,Round Robin,5.0,2.121,2.6,1.817,20.594,0.19,4.433,0.126,0.0067,0.0004
100,First Fit,5.0,2.121,38.0,2.646,7.108,0.704,2.484,0.185,0.0061,0.0003
100,Best Fit,5.0,2.121,45.4,4.506,6.545,0.599,2.545,0.169,0.0093,0.0009
100,Pure Symbolic,5.0,2.121,0.0,0.0,8.406,1.608,2.636,0.244,0.0651,0.0106
100,Pure Neural,5.0,2.121,0.0,0.0,20.27,0.378,4.292,0.097,0.7982,0.055
100,Neuro-Symbolic,5.0,2.121,0.0,0.0,8.16,1.166,2.668,0.213,0.8605,0.0781
500,Round Robin,9.48,5.045,246.8,59.209,21.417,0.053,8.566,0.426,0.0055,0.0021
500,First Fit,9.0,4.769,364.4,28.536,20.227,0.246,8.238,0.527,0.0049,0.0011
500,Best Fit,9.92,5.787,388.8,21.029,20.062,0.331,8.201,0.536,0.0062,0.0022
500,Pure Symbolic,19.88,10.501,0.0,0.0,20.668,0.218,8.283,0.496,0.0442,0.0068
500,Pure Neural,9.88,6.128,207.2,84.355,21.413,0.07,8.484,0.464,0.7923,0.0276
500,Neuro-Symbolic,20.36,9.842,0.0,0.0,20.668,0.218,8.289,0.481,0.8885,0.0248
1000,Round Robin,81.44,6.159,759.2,15.834,21.524,0.03,11.05,0.062,0.0028,0.0001
1000,First Fit,85.18,3.871,752.8,14.149,21.064,0.151,10.993,0.08,0.0021,0.0002
1000,Best Fit,84.82,3.869,788.4,14.117,21.008,0.181,10.986,0.089,0.0018,0.0
1000,Pure Symbolic,56.96,4.119,0.0,0.0,21.161,0.134,9.496,0.068,0.0354,0.0005
1000,Pure Neural,82.18,6.178,758.0,28.027,21.518,0.029,11.039,0.064,0.9225,0.0091
1000,Neuro-Symbolic,57.24,3.026,0.0,0.0,21.161,0.134,9.496,0.063,1.0131,0.0075
2000,Round Robin,93.7,0.988,823.4,54.793,21.579,0.022,11.173,0.018,0.0022,0.0
2000,First Fit,94.3,0.473,816.2,19.512,21.318,0.056,11.133,0.026,0.0016,0.0
2000,Best Fit,94.58,0.667,796.0,28.922,21.306,0.033,11.137,0.017,0.0017,0.0
2000,Pure Symbolic,93.21,1.403,0.0,0.0,21.372,0.05,9.798,0.02,0.0357,0.0002
2000,Pure Neural,93.15,0.573,830.2,66.372,21.582,0.022,11.159,0.022,0.9358,0.0168
2000,Neuro-Symbolic,92.4,2.833,0.0,0.0,21.372,0.05,9.796,0.028,1.0512,0.0568
